id,label
48161724,hanwang921017
43956475,AZG0404
9088025,mhjabreel
14851807,Abeer-Brery
6480345,AbdulAli
671378,kevinsawicki
22204295,acsyl
10627238,khanhnamle1994
8446573,Qolzam
1434517,mdh266
103165,RookieOne
1431984,Dillon-Benson
38240,rogeriopvl
56095525,AkhilGonna
19634224,brightmart
22736026,acadTags
30883354,iofu728
7278304,bikramkhastgir
5185660,Jason-Cooke
11352223,schneiderl
2708346,phonism
15703818,jannisborn
16746759,rluvaton
9417680,yzy5630
56778193,iyamabhishek
11410934,eugenso
48792690,HSLCY
1300085,lipiji
5411330,chiraggude
499192,vinkla
483853,freekmurze
1113045,insign
893057,kunalvarma05
2829600,GrahamCampbell
7191154,saadel
1926026,paihz
8542502,dikiaap
804684,mpociot
1177735,UltraWalker
5426926,kyranb
4316355,drehimself
6026504,rappasoft
504687,luceos
5690163,VeeeneX
5573469,naneri
3279736,nicholeous
3282340,arcanedev-maroc
6130713,AndyWendt
2687997,yajra
1612186,clarkeash
21979,appleboy
324764,summerblue
1863506,drakakisgeo
594614,driesvints
1940952,francescomalatesta
69415,outofcontrol
1931442,UksusoFF
450069,mathiasgrimm
10661375,howardhsu
25236985,zhiguowang
30902628,HuyQVu
6872117,chaitjo
49699333,dependabot[bot]
649188,mollerhoj
403133,dennybritz
3411033,AngledLuffa
2438050,manning
581997,gangeli
1149918,rayder441
2142116,angelxuanchang
6968,hans
13620509,J38
396613,lmthang
198576,sebschu
4259480,heeyounglee
247512,kpu
933453,futurulus
4837758,melvinj
902386,malcdi
2073180,keenon
3770761,yonatansito
4089118,danqi
1745357,jeaneis
85705,arunchaganty
1572802,qipeng
4032415,yuhaozhang
123903,froystig
774337,acvogel
1158371,siilats
4138767,sonalgupta
577485,jcchuang
1940165,HeatherChen
4720947,niloc
4722358,ishitap
1948012,sidaw
7766058,d-miller
1197560,zhangxiangxiao
18439,pasky
13244386,Silvicek
8571301,pichljan
3593366,vyskoto4
304014,nadvornix
184091,shekhargulati
2650178,lagodiuk
1609685,mostafacs
18743986,QuantScientist
180987,nouiz
178249,lamblin
178101,gdesjardins
178095,pascanur
832811,carriepl
1145379,mspandit
171276,jaberg
177628,doomie
186511,memimo
495565,boulanni
192976,gyom
1002504,abergeron
40444,gut
147710,fidlej
501890,yosinski
225668,emchristiansen
1771025,hankarun
233292,caglar
4102875,DelightRun
120146,treelinelabs
1261704,herr-biber
435548,zacstewart
1849579,benjaminirving
707462,bamos
104177,fbreuer
57440,IvanUkhov
460756,JackKelly
848962,euphoris
10537617,whitej17
1471554,Zmeos
188959,clementfarabet
1007223,culurciello
1609415,rlowrance
1310570,soumith
2119355,Atcold
609080,jtbates
1396343,jhjin
898940,marcoscoffier
1583973,yosssi
1660781,andrewortman
692057,Grisson
8436511,samorajp
7070974,tommy-u
8429860,lakehanne
181744,mheilman
148919,nacyot
19685,daureg
3512374,mmathioudakis
690386,DavidNemeskey
150409,SergeyDidenko
5160614,ferhtaydn
11443632,hellrich
821920,thomas4g
1701454,alantian
2378470,alex-pardo
572679,MarcBS
2364029,sdividis
5486680,albertbup
5813782,imendibo
2514975,jackygurui
14125688,ako-ts
3227975,scubasau
292938,cchacin
802626,jsotuyod
61346,mathieucarbou
1059737,dvbobrov
45513568,JBodkin
896492,marko-stankovic
5716884,lefay1982
30878676,asherwin-acadiasoft
1217397,amincheloh
1850811,radius314
1619649,erdem-aslan
494412,weiqiyiji
656696,jwils
282964,mattcg
14937280,oternovoi
2463995,pablote
968135,sammiq
8518239,gitter-badger
3996682,thrau
1209700,renzihui
5204568,ZizhengTai
650753,buhe
501740,hepin1989
22930729,Hareem-E-Sahar
6467355,adamarthurryan
9150660,chikecodes
1589086,dfserrano
5419230,alisajedi
291001,karimhamdanali
5146788,owhadi
25402038,wogscpar
5861909,mrksbrg
22130805,EFregnan
66577,JakeWharton
227486,chrisbanes
881690,scottkennedy
549365,SimonVT
6412,mernen
1358105,gabrielittner
52987,mrenouf
125773,xperimental
124223,veeti
918245,zachlipton
783598,yanchenko
224208,avram
833939,imminent
247559,wuman
277576,scompt
192135,felixb
703196,zhen9ao
427117,wellsie1116
371907,aectann
365084,hameno
131535,pierrre
661859,cuu508
460525,gentlecat
888674,UweTrottmann
139487,arusahni
351134,wlowe
17715,raganwald
3230,wizardwerdna
86834,joelhooks
171086,joshuacc
98482,vilmibm
52,reinh
302080,dmotz
514174,levinotik
52038,rtyley
662325,scottanderson
189372,protyposis
283794,jdamcd
275715,ohhorob
1028039,vdesmet93
44074520,EmoryM
36162,linki
5274,caolan
622989,brianmaissy
402873,jessehouchins
175399,allanca
17978,rmg
1330022,seriousManual
38746,kimptoc
1240502,leahciMic
6647633,fritx
487539,calvinfo
128598,th3james
1088720,Mithgol
332258,parshap
1676871,rhyzx
745164,spacegangster
106511,andrewrk
5317167,jiabei
977929,ceedubs
33569,dandv
67512,dougwilson
909418,jstewmon
76983,raszi
692459,mmalecki
4624,indexzero
1103796,jkroso
6677745,tiankongldp
142237,MaZderMind
143613,aadamowski
94782,ixti
65633,alexgorbatchev
483,nakajima
933880,noseglid
279900,Gawdl3y
3317312,gpit2286
5077,JonGretar
314571,thorade
5121,zargony
744293,aatxe
4480082,alxgnon
1448326,atheriel
93457,phungleson
10231,kimhyunkang
744740,joefitzgerald
119684,saschagehlich
276898,park9140
704762,yongkangchen
69169,benogle
1789,nathansobo
3598734,kevinnathan
1424,mcolyer
247140,abe33
1880,vito
3596620,probablykevin
927609,despairblue
3626419,eqot
54012,jonrohan
73962,mizchi
829,mutle
1088987,blakeembrey
1002275,brendankemp
3104489,smockle
3045805,probablycorey-and-nathan
1216870,kyeweedon
438160,ricburton
4278113,steelbrain
956326,rpg600
126905,tnm
7069691,gillescastel
29612,ssorallen
98681,mdo
169705,fat
419884,cvrebert
3535675,juthilo
349621,XhmikosR
171054,burnsra
750822,smerik
1261809,liuyl
80144,StevenBlack
2002591,Yohn
1016458,ntwb
85355,lookfirst
134294,acmetech
33141,andriijas
1642796,saas786
1390656,boulox
1086582,tlindig
1697848,wilfra
1058672,purwandi
368084,Quy
556268,tagliala
63777,caniszczyk
1364839,buraktuyan
58563,jacobrask
132856,jodytate
81561,Synchro
588688,aristath
107416,cgunther
1922470,eratzlaff
170299,matthewmueller
677252,jugglinmike
188768,fb55
210406,davidchambers
196390,kpdecker
1591483,arb
39333,nleush
4360421,jlep
47554,bensheldon
170197,stevenvachon
1661587,yields
12995,Maciek416
2330158,finspin
697037,andineck
223758,robashton
102497,farhadi
681288,khoomeister
190132,cyberthom
413034,Torthu
387,wvl
832370,alexbardas
274333,2020steve
6620594,ashaindlin
4126,benatkin
364903,chriso
2552790,t3chnoboy
822510,alFReD-NSH
1062951,jhubble
10985,Meekohi
144427,marijnh
1123348,0b10011
599268,jankeromnes
516669,peterkroon
203457,eustas
697759,njx
2343714,Lanny
124073,timjb
160829,jdleesmiller
360115,Page-
100689,espadrine
40791,misfo
284103,Suor
1035761,ks-ifware
883973,pavelfeldman
104171,lm
424187,mzero
1550710,tues
1153779,Dr-Emann
786066,alexey-k
1308874,feizhang365
1223828,whalefood
863727,komakino
803755,nlwillia
125948,treeform
392868,chris-morgan
947621,dneelyep
100721,ddnexus
1060119,gruehle
117453,vrana
4732,jashkenas
80577,kriskhaira
108,drnic
83561,mads-hartmann
1283,matehat
574696,paulmillr
9556,quackingduck
46896,wdavidw
3528,markbates
282084,tauren
1909539,chenglou
537838,aseemk
2035,carlosbrando
199831,danemorgridge
38544,falsefalse
83411,jrus
945935,johnburnett
19101,krikis
1209340,lggarrison
218840,michaelficarra
1974,infininight
44229,samuelclay
205482,Qard
15251862,theupel
5743,bts
408035,rafeca
484777,kand
1277832,gweedo767
156237,csinchok
639601,zcbenz
569817,hughsk
2213682,zloirock
1206121,bolshchikov
122102,dgraham
1153134,muan
113896,shawnbot
3686354,gojeffcho
19660019,sharibarboza
25068410,tyheise
6054072,alido8592
1172962,hazelybell
8321642,SRomansky
22012444,cjiang2
14918664,yuenj
6715118,ShangtongZhang
1331574,kentan
20732323,yuhang-lin
5612003,findmyway
1026917,aoboturov
1683321,ndvanforeest
19783366,sergii-bond
4012178,datahaki
17821598,tegg89
7264698,gwding
5841399,loopinvariant4
17863465,cbrom
28816067,huanghua1668
28496150,JustinNie
23582671,LBAWMY
2459423,vfdev-5
6563101,mrieppel
18171845,angular-cli
8980594,bobbylcraig
985197,QuincyLarson
544954,sahat
1911390,terakilobyte
1381313,ltegman
553494,SaintPeter
10749142,benmcmahon100
1884376,raisedadead
13225220,bugron
2754821,erictleung
1029200,abhisekp
14790466,greenkeeperio-bot
18572518,Bouncey
7917512,dhcodes
701221,vtamara
8263430,AryanJ-NYC
15965601,BKinahan
30289773,jonathan-grah
42481527,darthmeme
12584257,justinian336
12993334,alistermada
10660283,natac13
9719214,aldraco
963773,GeneralZero
920841,dokkillo
7098232,brandenbyers
6775919,BerkeleyTrue
6024604,patsul12
7039523,arku
7575436,DDaems
1185346,MrRenter
5826282,Resonantjacket5
10801329,ge95garcia
17195015,kevnburg
18186289,ballen3434
445106,PascalPrecht
65389,knalli
4358089,DWand
5180973,tspaeth
12589820,gonzalo-roberto-diaz
6862077,hippegger
4304189,newjs
3391068,gjungb
3329142,luaks
422713,toogle
392214,jamesandres
183673,janpio
727955,Sanjo
1363189,inetfuture
204739,afitiskin
1667306,bugwelle
1126905,andresgottlieb
148258,Anber
782920,calebegg
1471561,damienklinnert
336746,deanapeterson
1891942,tregusti
1116406,spiroid
783302,mjamin
2957868,Nate-Wilkins
894198,odedniv
820391,robinboehm
30793,Tobbe
1006426,yannickglt
1536164,cosminonnet
6358735,alexellis
7658554,antonybudianto
1447119,nidble
31140932,pratyush63
18077159,ShaneMckenna23
10448534,kuldeepkeshwar
810438,gaearon
616428,Timer
1307267,selbekk
497214,fson
197597,vjeux
9636410,viankakrisna
433725,iansu
7525670,mxstbr
1060398,tharakawj
619186,brunolemos
1749548,jeffposnick
663755,EnoahNetzach
1372946,amyrlam
56288,existentialism
9244507,ro-savage
4683867,bondz
647452,GreenGremlin
1037931,arcanis
51629,ryansully
23718874,sidoshi
5140611,tuchk4
6355370,ianschmitz
155392,n3tr
1239401,johann-sonntagbauer
106475,lacker
613647,mareksuscak
25927814,bradfordlemley
505704,dceddia
285899,eliperelman
175278,wmonk
1473055,DorianGrey
1260646,ForbesLindesay
10845050,themre
5729175,GAumala
197134,koistya
12661049,nicolaserny
17029400,aleburato
4378,chrisdrackett
302891,christophehurpeau
3757713,JoelMarcey
17883920,endiliey
15843721,deltice
1315101,yangshun
23874,ericnakagawa
165856,hramos
4370652,rickyvetter
87611,ahmadalfy
1006903,richardzcode
2972085,microbouji
691109,caabernathy
24544912,fiennyangeln
1483597,ericvicenti
656602,sdwilsh
2536916,SleepWalker
78122,aadsm
2680980,willingc
11849,kassens
15959269,jaril
1444314,balloob
615282,sunnylqm
2338632,tanhauhau
31711089,tom-auger
29281882,artiebits
19714,azu
13319277,neilsutcliffe
6060475,wszgxa
1830077,turtleDeng
394260,vowstar
692171,HackToHell
16801068,zhanghongtong
45740,fungiboletus
9970052,je-al
40776645,spring2maz
5987706,tldzyx
2152413,thzinc
11869,emqplus
11696433,terry-xiaoyu
970300,huangdan
12687192,burtonr
891889,LucasRoesler
83862,johnmccabe
16540482,rdimitrov
3869193,viveksyngh
16418793,rgee0
3941889,kenfdev
329397,ewilde
4160133,ivanayov
1483261,ericstoekl
1319456,nullseed
1310468,jonocodes
13547997,zeerorg
674790,vegasbrianc
3797675,stefanprodan
11063598,austinfrey
7703616,Templum
2882297,acornies
13651458,elliott-beach
2609951,wahyuoi
8126891,matipan
2018167,mjhea0
5046302,jmkhael
15754252,padiazg
1649771,telackey
5836587,developius
6373771,jrevillas
4910715,laurentgrangeau
6853681,stantonxu
19733683,snyk-bot
5150297,DrewMcArthur
3766663,nicolasgarnier
1813882,horseno
179320,eobrain
44975,jamesdaniels
1727528,trekforever
10823695,Kevded
28300828,tidoemanuele
41906,ultrasaurus
1941894,beaspider
969070,abeisgoat
9826683,Ulydev
20928291,hramakrishnappa
959972,katowulf
5379361,khanhlvg
18298474,jenperson
4529021,morganchen12
913631,puf
1553807,inlined
86076,appleby
5544707,egilmorez
3990804,laurenzlong
7326668,mrp14
6428611,ravishan110
1649989,ryanpbrewster
7288116,ahsankhatri
1788,brendanlim
650752,carlosazaustre
29153604,elon-gs
77567,weotch
3332224,elliotforbes
612092,rajatjindal
944947,julienschmidt
2457529,javierprovecho
956546,philippfranke
3681019,da-z
240448,abiosoft
5351125,clandry94
555578,corneldamian
729230,darrenscerri
3818,EdwardBetts
607868,dlsniper
857809,farmergreg
171091,dahankzter
21690857,fredwangwang
458924,jjeffery
10623505,lhigueragamboa
9432921,donutloop
4760546,Comradin
4103719,mhor
824173,peterldowns
379404,Preetam
15367484,ReadmeCritic
5856771,stamblerre
66491,rogpeppe
4201229,tcyrus
13829480,TobiEiss
931170,tniswong
37182,teepark
14242,nothingmuch
13504223,blinklv
270909,oov
6393612,billimek
4429108,kaspernissen
1438478,geekdave
34942004,martindekov
16866547,HeavyHorst
25264581,utsavanand2
1754002,ibuildthecloud
3165635,oliviertassinari
2007468,hai-cea
357702,mbrookes
4420103,nathanmarks
5534079,mmrtnz
8528759,alitaheri
136564,rosskevin
344018,newoga
3454081,shaurya947
535101,jkruder
2362778,jtollerene
10036267,Zadielerick
128019,pelotom
691860,agamrafaeli
5749437,pradel
3888965,pomerantsev
145466,chrismcv
49141,cgestes
15271922,tintin1343
985701,sebald
2396226,castrolol
8320854,theosherry
5900191,yulric
637039,mikepb
1198924,igorbt
5544859,leMaik
964688,vmakhaev
8430123,ArcanisCz
3155127,kgregory
971499,marnusw
587772,berkedel
50838,arunoda
6324199,timneutkens
775227,nkzawa
13041,rauchg
23040076,greenkeeper[bot]
165799,impronunciable
6170607,leo
1312018,sergiodxa
383212,brikou
4217871,sedubois
9091881,aranajhonny
5855893,lukeed
555740,adamsoffer
608862,kachkaev
3099369,JeromeFitz
711311,giuseppeg
20798510,jthegedus
43438,timoxley
1064547,ptomasroos
127009,cncolder
1265681,HaNdTriX
1754873,jaydenseric
10060928,robinweser
571265,stephenmathieson
603872,IanMitchell
3452011,ismamz
612020,jesstelford
364501,hunterloftis
11655498,bartsmykla
995160,doowb
1318186,chriskolenko
16388438,kturcios
24299864,marbar3778
1069598,roncrivera
7374058,s8sg
6720,jaigouk
6725218,kvuchkov
9248427,AkihiroSuda
3634906,jagreehal
5114084,amn41
56831527,couralex6
978306,alishir
40488132,Waterdrips
13769361,andresguisado
3863953,ben181231
110943,tinjaw
1606945,cpitkin
16024854,cboecking
36253,dvhart
36796532,ad-si
527589,sophshep
40415,mlinksva
1840802,nayafia
276834,kytrinyx
944406,wooorm
125011,MikeMcQuaid
1038121,lee-dohm
2913845,danielskatz
282759,benbalter
5834257,numrut
1587053,sotayamashita
70067,sapegin
22284,CoralineAda
1872314,jonico
14086319,sandhub
627280,lildude
39992,gr2m
547626,theo-armour
5634381,alexcameron89
8067797,adyavanapalli
7181293,briankerr
476133,polymerwitch
8281591,Raphx
537241,etlovett
869950,KrauseFx
283441,honzajavorek
967540,lognaturel
1445228,jessfraz
8920712,JoeyPriceless
2370200,kroikie
210006,ianbarber
7751959,simonsongirang
11839002,kevinthecheung
7892779,FluorescentHallucinogen
442380,aruld
812287,The-Alchemist
5466341,DaleSeo
1307187,progh2
139760,gauntface
8466666,samtstern
8081142,archelogos
1855348,spencermathews
328420,odino
7255457,AndreasRicci
5833093,danielms215
28700396,davie-robertson
284478,barcellos
8895424,jfschmakeit
10204176,Jim-Lin
5301131,lorint
5384581,LukeSchlangen
2575327,asciimike
10229883,StefMa
4570744,demsking
145676,tomayac
3612424,samik-saha
865236,longcao
625264,lauris
218045,non
2670454,stanch
316049,travisbrown
601530,Atry
6570181,wenyangfu
5790321,alexanderfefelov
1191767,manuzhang
1645142,alexflav23
914805,lloydmeta
638150,loicdescotte
347716,lucastorri
1107071,mfirry
928489,larroy
394797,elbaulp
1447374,daron666
2481802,chipsenkbeil
1111592,zarthross
11741306,Devinsuit
1302854,ivantopo
934140,lihaoyi
1270995,romainreuillon
54929,geggo98
743706,sksamuel
57538,xerial
2464813,ScalaWilliam
6895190,jacksu
604609,jonjack
6217683,paulblei
7504421,bangerth
3917035,drwells
8023934,davydden
10460610,jppelteret
12969209,elstargazer
13419716,sfloresm
1531285,tjhei
2762632,gramster
8355852,drewbryant
1424661,yebrahim
3039877,ojarjur
14608,nikhilk
116825,jimmc
13439553,qimingj
1136941,amshali
11337551,chmeyers
11742031,bryantgipson
5184014,parthea
34456002,rileyjbauer
6777741,Di-Ku
10717566,RNabel
468559,craigcitro
114212,fischman
2152569,blois
8772211,ekrogers
95774,haavardw
2168,harmon
21314536,brandondutra
123111,vochicong
11764042,DaweiHuang
4618540,rajivpb
1497945,corrieann
14802364,umang-sh
20249042,0emily0
16634228,aayusharyan
1873994,alanyee
20193278,Plazmius
425799,evilsoapbox
5653442,karth295
38472985,functicons
7081900,szewi
3035518,medb
1359900,bsidhom
25153919,adam-stasiak
7410123,dennishuo
3005786,pmkc
38472905,cyxxy
1576384,DariuszAniszewski
12348628,DanSedov
1455590,nehalecky
3200491,arisha84
1660665,axelmagn
30065079,gogasca
10858573,mikaylakonst
1200279,jmikula
68544,jphalip
317707,aniket486
410367,cobb
2305983,ipostanogov
1136014,lesv
43057,jeffkpayne
100928,kysnm
42327,pquentin
1098760,vicenteg
6431823,aman-ebay
3666398,memoryoflife
5567815,TheOriginalAlex
7237526,guidokanschat
3432917,tamiko
8276200,kronbichler
2919756,luca-heltai
368538,Rombur
13189700,jfrohne
8360971,eisbaerli
10951883,QiaoLei-88
2423533,masterleinad
8956997,ESeNonFossiIo
5955001,mac-a
3905742,danshapero
10710861,asartori86
3410196,NobleTree
16504860,andreabonito
9105129,msteigemann
8438035,agrayver
7646507,scttmllr
8012418,maieneuro
11507326,pauletti
9053218,kkormann
17573616,jgedicke
299623,l-korous
12628222,srobertp
12711583,angelrca
14959090,NahsiN
59140,subdigital
56147,plusjade
28534,studiomohawk
1065118,vattay
418526,koomar
449510,djoos
677496,lzcabrera
310271,jogjayr
362465,robot-c0der
78752,nolith
1273291,alishutc
6883,opie4624
33544,philips
37650,daz
325476,xuhdev
23062,fleeting
425863,jkuchta
2909,jcn
1118323,koriroys
153937,Lax
251288,lorensr
692211,LukasKnuth
46775,mjpieters
56947,swanson
87773,SegFaultAX
858700,pradeep1288
18957,sstarr
45837,sdball
122749,tommyblue
228012,geon
230541,mbostock
31223,jasondavies
1175380,kitmonisit
536984,27359794
579233,larskotthoff
400538,yasirs
265902,natevw
2523305,square-build-bot
202799,jheer
444344,leodutra
1612169,scottcheng
1294785,mrcarlosrendon
382136,NelsonMinar
471903,webmonarch
4141669,hlvoorhees
289174,trevnorris
638,pjjw
98601,jfirebaugh
9220038,mrblueblue
6148980,splendido
57576,snoble
145272,iterion
12149,zenmoto
46036,trinary
402462,GerHobbelt
1355481,jisaacks
57199,dwt
27721,notlion
181635,tbranyen
438920,fatih
289492,campadrenalin
197322,endtwist
39461,chrishamant
1889575,nanoxd
1699443,vitorgalvao
863730,fanquake
37534,phinze
327943,Cottser
727482,rolandwalker
990216,leoj3n
91585,shostakovich
760008,hanxue
193596,SeanTAllen
429154,derphilipp
4371429,mAAdhaTTah
10695,davejacobs
153287,xyb
128295,Crazor
206320,acollign
323761,tlvince
57655,jfsiii
131699,vincecima
1154867,thebengeu
833322,andrewoke
898340,AlexKucera
173784,gillesfabio
119358,timsutton
361645,shawjia
1737398,jglenes
457674,srod
4604933,ShaneDelmore
1226539,billwanjohi
57680,alexg0
887610,trishume
347,tobi
2072686,fw42
954402,dylanahsmith
13026,titanous
340,jamesmacaulay
833383,arthurnn
97400,sirupsen
1914,mhw
2923,Soleone
7130,ssoroka
23423,trans
1112299,stomar
25774,mcr
44789,candlerb
378038,kristianpd
15688,thedarkone
97820,bouk
36123,darkhelmet
348,raggi
3223,jasonroelofs
48745,phoet
65078,awd
126537,scomma
1044277,arg
6351,dasch
325821,davidcornu
341387,derrickreimer
1014540,gauravmc
11006573,osnapitsrac
134,jnicklas
1100176,thomasklemm
2180153,ucarion
124661,bemurphy
395621,alindeman
440926,ayrton
11095,brookr
846931,astraldragon
156139,christiannelson
950301,DanielKehoe
81170,elabs-dev
175652,igas
4672,ivanoats
414090,joelcogen
522155,kirs
182228,michaelem
4951910,sealocal
178890,assembler
228734,vanstee
311914,rrrene
64469,coop
30484,kathyonu
76071,wojtekmach
4028193,pathouse
306088,plamoni
130735,netpro2k
2661,chendo
2939,courtenay
2857,lackstein
83470,nolim1t
87115,kalbasit
28401,wrboyce
93973,ErebusBat
73047,jpipas
1227014,jamesjr221990
84072,jwagener
75895,paulosman
9829,andrejj
8633,semanticart
8701,joshk
144124,mschneider
319655,pje
3432,grobie
153317,dianakimball
42336,ryanstout
458055,dfyx
1051,elia
603900,jasdeepsingh
126355,thiagofm
1922783,aostrega
537700,christianbundy
13964,derikson
794632,georgeu2000
216339,glebm
174160,jarmo
1690675,Baltazore
182663,roblund
25085792,tjeezy
31063,vikhyat
6968611,wykhuh
1819,cj
6739099,christophepas
2354663,gonewandering
2973056,Anmo
525733,JosePedroDias
2061937,ChrisWren
2257156,colinwren
233737,miguelm
2445019,diogopms
2647607,tiagoantunespt
9287,isaacs
983798,iarna
418097,othiym23
17535,zkat
1716463,watilde
298166,robertkowalski
617481,domenic
5124609,smikes
733364,KenanY
62224,luk-
450625,mfncooper
110020,evnm
110455,bengl
46586,deanlandolt
722880,chrismeyersfsu
51505,dylang
205760,kemitchell
194609,bcoe
364532,mikesherov
1404810,SimenB
569,alexkwolfe
14018963,larsgw
32551,davglass
479538,Raynos
50854,edef1c
2289,zeke
652793,sonicdoe
3536982,ekmartin
5342,deepakjois
24772,achiurizo
887,mislav
173595,alerque
1311043,tclh123
703563,shime
404,rtomayko
7757,bastilian
1203995,reentim
401064,dcruz
117722,aguynamedryan
405998,splotch
398893,zenorocha
468479,jordanbrown
1696024,vagnervjs
1268518,oswaldoacauan
8738,nuxlli
1894191,brenopolanski
1812267,grillorafael
3630346,raphamorim
757,mde
1316992,larzconwell
1538624,TimothyGu
47388,MiguelMadero
543312,ben-ng
17342435,RyanZim
359399,der-On
1094411,kengoldfarb
367619,scasei
136558,techwraith
718899,Trott
3444,kieran
2991640,mikedevita
3579179,bloodyKnuckles
147298,dgofman
1398375,akhoury
315601,phanect
92214,kurokikaze
286093,tstachl
551348,troyastorino
1266178,pekpon
223555,3dd13
505619,dominykas
599019,ekryski
1381925,fern4lvarez
665260,johnnygreen
1427621,picodix
1413330,jbielick
144915,gabrielmancini
71256,TooTallNate
1498227,albertyfwu
84792,defunctzombie
211335,dvv
18679,cadorn
1498449,asdfryan
746604,galkn
5968785,mokesmokes2
470181,ruxkor
501018,sergioramos
4103081,kkoopa
1263321,mokesmokes
134936,plievone
24553,timmak
25254,tj
1056976,Gottox
238531,indutny
62809,jakob-stoeck
12997,jbowes
895281,jphire
322289,Jxck
398530,mixu
37922,stash
2272516,sweetieSong
28071,3rd-Eden
1881725,marudor
498293,jeffmo
3247106,GAntoine
1009585,doberkofler
1218420,bassettsj
1448194,jedwards1211
16157429,mwalkerwells
2033517,stouf
952783,jamiebuilds
7988361,nmote
126263,matthewwithanm
476364,relekang
27005,LoganBarnett
12428415,A-Tokyo
250617,callumlocke
21505,turadg
2647016,villesau
577378,hansonw
1423566,johngeorgewright
335467,pascalduez
5533717,stevenyap
1557092,Inkdpixels
755844,wbinnssmith
1121889,ryyppy
5187404,AndrewSouthpaw
577345,Macil
98301,danvk
231804,danez
13208,dbrockman
71047,KyleAMathews
381801,m-allanson
419821,pieh
32467162,shannonbux
21834,fk
339286,jquense
3924690,DSchau
4388699,calcsam
16143594,LekoArts
3461087,amberleyromo
163561,jlengstorf
5808108,sebastienfi
3629876,kkemple
1193520,0x80
4248177,davidbailey00
2595058,nihgwu
7683393,benstepp
450559,tsriram
7007253,mottox2
1156093,Khaledgarbaya
3766777,scottyeck
495730,Moocar
98955,secretfader
20753323,stefanprobst
2019387,jbolda
2112202,erquhart
1105659,ThatOtherPerson
5663877,resir014
6520022,benjaminhoffman
40799,docwhat
110953,addyosmani
1066253,robdodson
170270,sindresorhus
9906,passy
1800018,1000ch
127535,eddiemonge
178376,beriberikix
709159,kevva
393358,wibblymat
201344,lazd
1403438,justinhelmer
333865,gmarty
27856297,dependabot-preview[bot]
613956,kt3k
843958,abrkn
1862580,jtomaszewski
385716,kilianc
557895,pdehaan
2909337,mrDinckleman
25923790,TheDancingCode
51289,Tietew
1491856,iktakahiro
922234,tomchentw
887984,elct9620
48348070,multiverse-tf
2113544,stopit
19161836,SoluMilken
20106478,bringtree
44483550,jacobdevlin-google
783844,abhishekraok
4667922,cbockman
2328571,dalequark
11133686,BogdanDidenko
5545640,eric-haibin-lin
9201969,artemisart
1657200,slavpetrov
26602940,0xflotus
3437674,aijunbai
22536934,ammarasmro
1015922,imcaspar
23147020,georgefeng
12107203,rodgzilla
11158705,qwfy
20599486,JasonJPu
7915719,leoxzhao
19508417,msramalho
17599809,ming-wei-chang
4365070,pengli09
20651387,stefan-it
6829601,tianxin1860
588581,ywkim
2398765,hsm207
8534653,soloice
6440501,zhaoyongke
12042259,ewrfcas
1248659,claushellsing
16183570,yuanxiaosc
40300434,guoday
167837,fxsjy
6681934,gumblex
747028,cloudaice
2274617,walkskyer
1754066,ZoeyYoung
646843,fukuball
1057882,sing1ee
1121616,hermanschaaf
2162645,yanyiwu
14361294,jerryday
1957483,cheng404
11623828,OOCZC
8443926,hosiet
17849293,JimCurryWang
1006477,felixonmars
1360226,gip0
10593444,sunjoy1984
1128757,lynschinzer
485054,mozillazg
359526,neuront
312578,nomaka
7472151,qinwf
7676371,ShuraChow
15247,wangbin
376594,changyy
2594347,aholic
3828167,anderscui
3097015,davidlihm
5213906,huntzhan
19514611,ZhengZixiang
4479536,jstypka
119349,kaplun
11610129,Hirozy
11247181,puevigreven
4604464,oahziur
1794715,ebrevdo
1906051,wb14123
8572027,rpryzant
1028593,eli7
192142,mrry
8100,kashif
7069222,MtDersvan
2578089,rohitrawat
47338118,v1n337
10617485,voidmagic
5065989,ndt93
705582,songmeixu
12030806,amaiasalvador
5221444,xavigiro
6721195,jamesmullenbach
8027676,sarahwie
12107462,w5688414
7198338,hrayrhar
209542,turambar
933808,Hrant-Khachatrian
6075558,Honghan
178028,gromgull
464192,joernhees
16417,gjhiggins
520723,iherman
29803,niklasl
327925,takluyver
2675658,uholzer
304612,pchampin
803263,bcogrel
206171,eikeon
317113,dbs
104003,drewp
472188,dzinxed
1446876,PuckCh
138943,gweis
463344,nicholsn
1357496,kusamau
130780,bcroq
602385,jimmccusker
1547,rory
238690,alexsdutton
836975,besbes
1487560,mwatts15
5271761,nateprewitt
226037,alexamici
7132817,SeguinBe
290859,lrowe
886296,redapple
39889,yarikoptic
1218002,ymph
31919211,gitbook-bot
3880963,floodsung
5563461,mjanv
7981826,7oud
730813,clouds56
5622332,lzx1413
20106455,transwarpio
9172247,zhourunlai
720110,ahmaurya
3771055,arthurazs
5840111,BeibinLi
11363529,the0demiurge
22948783,cyberdrk
22998795,Gokkulnath
3192330,ray6080
219341,krosaen
2703696,lucasmoura
9316460,tomasn4a
2153691,0bserver07
15091994,ayush1997
11522661,junlulocky
6274152,shreyaspadhy
3402102,chen0040
922071,Saad-Mahamood
548250,jeremybmerrill
15047997,verdi8
2140287,roman-kutlak
8385325,cchowell
2790092,AlJohri
315403,DrDub
10670661,YUX-IO
7183428,Jackeriss
8281875,Chalarangelo
35068020,30secondsofcode
25749162,fejes713
58338413,DeveloperTeamNG
16862997,flxwu
31792358,kriadmin
10181183,kingdavidmartins
13894696,skatcat31
22450188,atomiks
15319886,iamsoorena
11977524,arjunmahishi
16218985,siarhei-zharnasek
21293048,meetzaveri
4183876,tcmal
23417897,YusofBandar
6687119,yazeedb
132889,elderhsouza
6097052,myapos
23243382,christianbender
16519090,Emgo-Dev
42976312,itchylol742
8242082,hszeto
4496904,taltmann42
2828303,prodigic
13534265,halsn
1694112,simov
24471188,evolkmann
18341459,davehenton
8836578,justin0022
17788569,dipakkr
29474138,Contrevien
27343592,Ishaan28malik
20338789,shauryauppal
25405707,Parikshit-Hooda
36950025,Warrioravi
16001446,Anirudh257
26465453,isaactorresmichel
3280355,solakin
9716820,Sander00
482524,tomiolah1998
44469683,strobie
34401078,johnsoncarl
24794539,fineanmol
24985816,abhijeet181995
27474968,aanndch
5001704,architkshk
7110913,brenocastelo
3253145,karanrajpal14
32392044,leedoughty
3316818,focux
39225757,bpkaur
14218714,hiiakku
12071697,amolpednekar
34946969,BrianArchibald
4355017,milaaraujo
6382186,towc
14280145,FelipeSGAndrade
28289448,jibin2706
26600368,Kapil706
8178407,future-challenger
25276,tspurway
6196064,onurunal1
643040,agershun
1063454,mathiasrw
3833658,bopjesvla
4594128,nickdeis
2216119,kanghj
10303400,n-a-m-e
16673782,seb-ster
122777,bjornblomqvist
16768293,nbdamian
5252386,positively4th
4968007,martinstarman
636814,alexpeattie
7886615,amitauras
415044,bjouhier
6098556,kaktus40
8848375,jrgoldfinemiddleton
308074,vellotis
6070939,SheetJSDev
10709698,WebDevMe
4338333,Wisehorn
15380009,akhaneev
10362952,renxida
162987,workmad3
39324982,jayeshguru99
1329114,AndreHeber
676134,chaddjohnson
4724505,dvelasquez
15611832,LukasDrgon
20434351,jefrydco
1453161,jimmyngo
200575,igor47
32422075,Web-Cam
18133202,twkitz
3695164,ilanbiala
13743297,mory91
10350960,schalkneethling
9794516,FrancescoSTL
751491,chrismore
400117,alexgibson
49256,yaru22
939710,bxh-io
259392,ghiottolino
818865,tjerkw
283778,guicamest
355366,naddaf
279016,jelgh
3899563,kquan
992835,reisub
1377567,JesseFarebro
1096485,passsy
308276,yccheok
3115882,grivos
1950232,tjworks
5380790,qiuzuhui
3105014,dillonkrug
1390651,andyperlitch
288117,michaschwab
3250169,nokout
725406,csicar
940070,leocaseiro
1099559,jr314159
202527,VanTanev
2165646,LukeMason
87168,simison
497298,abuggia
477881,gaui
8388,pkarl
5543229,akotlar
1104728,adrianboimvaser
697707,andreialecu
1842797,AndrewFreese
1333860,Odi55555
114588,abyx
745095,darlanalves
733821,dougludlow
1262584,iamnewspecies
1393845,jakob-lundberg
2250760,jamiearonson
1109167,failpunk
542168,charandas
1992187,liorcode
1881921,paulpflug
167772,slobo
676670,nike-17
1114387,zlodes
1320204,chieffancypants
1000759,faceleg
1016365,PatrickJS
876227,darlanmendonca
2952427,stefanotorresi
2115718,bbottema
440189,aaronroberson
949962,bchatelard
1799825,assisrafael
2191731,jklaus
991587,abachuk
1112718,alexmingoia
367079,anggiaj
1021701,jervert
12599965,clouless
3092978,bitdeli-chef
7718991,chrisg2
2643569,cquartier
1126594,cerisier
1854633,ewild
1066322,ikrestov
9685146,careykevin
947110,kkirsche
812795,brimstone
154775,osbornebrook
176665,piotrd
4112409,mastilver
3065291,networkerror
4930670,angi-
2395758,cameronlowry
570959,katallaxie
13887564,almothafar
3735902,SekibOmazic
5377501,shlomiassaf
6780471,mastertinner
1229177,Spittal
3976183,dotcs
108938,jimthedev
4069585,meiblorn
846306,tsukhu
2943047,chriscurnow
231618,samvloeberghs
2840504,Hendrixer
5303269,colinskow
15379981,kamil-kielczewski
14833645,asgerjensen
8938562,DanielKucal
1446388,jhuntoo
8420490,d3viant0ne
696345,elhigu
7594920,jennyraj
5610467,lanovoy
1107171,valorkin
2532125,abdulhaq-e
5804569,0xcharly
13794293,NehrDani
901354,dherges
5566282,gilhanan
338488,Siyfion
1753085,hmil
4107730,raphahardt
2787503,powange
746837,mikesir87
126757,Buthrakaur
101073,guilhermef
1965587,NotBobTheBuilder
554718,jakoblahmer
1882579,CyborgMaster
693982,skakri
2489514,jesse1983
687638,jeffsebring
442115,kadamwhite
8167190,kamilkisiela
1297448,Urigo
27914368,zeevgg
5278131,yido
25180681,renovate-bot
29139614,renovate[bot]
5565407,evans
448783,stubailo
4967600,jbaxleyiii
508118,ctavan
36460528,apollo-bot[bot]
570861,tuxsudo
6569980,helfer
195494,lquixada
16724,glasser
5750,benjamn
328001,leoasis
16096339,j4chou
134624,Primigenus
1831709,timbotnik
841294,abernix
54485,martijnwalraven
1080411,DxCx
1216917,trevorblades
1028572,nnance
2946769,unicodeveloper
743976,cheapsteak
29644393,trevor-scheer
9259509,JakeDawkins
5351262,addityasingh
18017067,peggyrayzis
172936,freiksenet
2042567,nicolaslopezj
540141,rkorrelboom
3680083,dotansimha
4412324,HriBB
24574859,NeoReyad
137740,hwillson
7384334,clarencenpy
900411,mehrdada
126104,friism
279540,nberardi
16988,runesoerensen
860665,thomcc
6424575,eoger
128755,vladikoff
41387967,linacambridge
83924,mhammond
1097182,ncalexan
34695,rfk
35755,jrconlin
1295288,vbudhram
5495083,garvankeeley
26122346,lyuyuan
207595,justindarc
39480120,tinoism
465422,grigoryk
14639,pjenvey
848085,shane-tomlinson
7784737,mitchhentges
12538331,hardik25
64367,philbooth
46048,fzzzy
103932,MihaiTabara
9583167,carolkng
5625313,irrationalagent
490833,joeyg
100193,bbangert
1370580,jonalmeida
36207117,dependabot-bot
856222,timvisee
2129,badboy
252962,jeromeetienne
22395670,nicolocarpignoli
1275858,kalwalt
7600245,nikolaymihaylov
214139,ZoltanVeres
2107076,andreyrd
1560884,caseyyee
44163516,avelilla
16110443,Tino-F
40197626,Ouyang-Zhaoxing
29234112,navanchauhan
10234267,PierreFritsch
1793964,commentatorboy
1799792,pikilipita
46328590,thor-brickman
5167505,TimKraemer
3449303,aloisdg
20001191,AmirNaghibi
5826638,cwervo
3478059,lcb931023
493968,gabrielgrant
1587455,joestrong
271622,lloydwatkin
3521469,leemark
2636763,Zertz
829526,pra85
11207756,rahulkapoor90
10656223,remojansen
12930004,rodrigocam
10798641,AyaMorisawa
1221346,bouzuya
365836,uzimith
26476,teppeis
180104,saneyuki
22321,uasi
11063,babie
648041,kjirou
39830,laiso
12663778,me-no-dev
22748063,lbernstone
1760209,ivankravets
21266776,copercini
2858309,stickbreaker
29522434,Jeroen88
8822552,luc-github
315097,arcao
14253034,martinius96
6457044,atanisoft
3473145,lonerzzz
38914089,pacucha42
16081083,a-c-sreedhar-reddy
2829457,joeybab3
11881858,Raienryu97
10289836,cyberman54
1388441,bbx10
4134851,reaper7
1893754,tobozo
22113954,MarkyAD
10327656,wemos
8572152,per1234
205573,projectgus
5537436,chcbaram
2562992,arvindr21
633644,Bascy
23474336,bertmelis
1909551,everslick
11875,earlephilhower
86721,ionciubotaru
70381,ckerr
6634592,MarshallOfSound
2036040,codebytere
681969,hansl
111951,mhevery
434655,daniellee
10999,torkelo
560055,jareware
1950595,bulletfactory
1668778,marefr
1237597,linkslice
4692022,eldering
2886187,mattttt
4806563,nabilbendafi
1051390,7yl4r
9953157,nopzor1200
47395,alexeagle
349548,thelgevold
1796022,jkuri
14199775,erdemapaydin
463703,jeffbcross
534930,robwormald
95713,rkirov
7208,mprobst
4300217,obsc
102313,LucasSloan
2364438,bowenni
10216,dpurp
3227,gmoothart
3847,evmar
1102761,jDramaix
30503,domesticmouse
29040,rehmsen
244381,MatrixFrog
1623628,whymarrh
19598234,mariakhomenko
3375226,jjudd
448862,DrJKL
1659,rictic
1289052,tadeegan
2022649,Goodwine
7006901,lambertjamesd
2286589,naomiblack
4987015,devversion
313894,SLaks
4509724,ssundarraj
143899,shicks
113062,mckamey
474988,btford
216296,IgorMinar
1859381,jvandemo
6013193,NgDashboard
15655,petebacondarwin
838736,jelbourn
211513,yjbanov
690815,tbosch
93018,matsko
35996,vsavkin
2294695,caitp
1153097,Narretz
4175141,alxhub
3871688,kara
85066,vikerman
46647,vojtajina
3506071,Splaktar
571363,robertmesserle
210413,ThomasBurleson
14793288,mmalerba
13606342,codymikol
22898577,andrewseguin
9973512,feloy
7476577,rudzikdawid
3945455,marosoft
483058,matthewrfindley
15221596,alopezsanchez
6004537,EladBezalel
9271155,clshortfuse
1506919,IMM0rtalis
10864441,josephperrott
4450522,crisbeto
1658949,oliversalzburg
165056,StephenFluin
413772,graingert
20677343,tinayuangao
4356436,Ignigena
4960234,sviams
234840,rossgardt
20483759,free-easy
311854,cstephe
1420091,beetlerom
2403703,xyng
931642,robsonsobral
1090826,LaurentGoderre
472139,wallenium
2509171,Marfa
986015,ReinaldoMT
2785418,danieljuhl
301906,oaubert
973269,barryvdh
816901,davidstosik
464226,fosil
810748,maur8ino
207846,migolo
170543,thomasreiser
46603522,gtfbot
971554,e-
597111,suit
248818,vicb
516168,jasonaden
43554145,AndrewKushnir
19864447,web-flow
372013,chuckjaz
1540597,benlesh
3599407,ScottSWu
973550,pkozlowski-opensource
2316643,marclaval
1087957,Foxandxss
18329853,beardofedu
2132216,githubteacher
6351798,a-a-ron
524990,edenhill
5316,mcandre
515142,bruth
472446,conorbranagan
47366,ewencp
395100,hqin
379176,17twenty
241756,johnbellone
54036,reset
410638,goncalopereira
5176,darron
60910,bkw
50846,ericfode
82251,kevinreedy
1693823,thedebugger
970958,webcoyote
1456812,lawsonj2019
58234,johntdyer
327237,jubianchi
367824,jhmartin
121679,benjaminws
5719,bdotdub
39808,gavinheavyside
408368,lyrixx
281261,jemiam
439223,databus23
2013347,jarosser06
369946,kppullin
93147,ijin
477526,noazark
5078,rnaveiras
191358,Sheile
3604733,brandocorp
943268,dpetzel
6528486,LarsLiden
2856501,mattmazzola
17562300,msft-shahins
3784903,Arincon
1333029,jmatthiesen
804331,tlancina
14225979,drewgillies
9328564,msftgits
933273,markmentovai
1822,sgraham
57350,rsesek
1455383,sigurasg
3828995,dbort
833296,erikchen
365204,andybons
513897,dpranke
187063,erikwright
3487,nico
10800041,randomascii
12821707,cpu-chromium
196959,chasephillips
4503886,macourteau
8240913,nick-chromium
5204260,plmonette
12732633,manzagop
118517,skyostil
756205,tzik
773533,nicholasjackson
4024506,anubhavmishra
9194247,thtrieu
8594541,abagshaw
11293826,Dhruv-Mohan
1811339,zayfod
16747198,Prakash19921206
7277663,silvergasp
25339946,borasy
19169142,dontfollowmeimcrazy
17383057,ryansun1900
8341304,lilohuang
5599868,allanzelener
15215732,off99555
367876,lunardog
163333,loretoparisi
13180521,ahmedbaracat
13544922,tungalbert99
8332918,AlexFridman
21218230,hajapy
292790,bafu
6502959,dkermany
49258173,holyguacamole
636764,azza-bazoo
20884533,pjnr1
6839921,kevinkit
10721788,oulutan
4139480,arionik
8291344,ryanferg
4161445,ttowncompiled
367262,jankuca
37704,chirayuk
502633,jbdeboer
229613,shyamseshadri
774654,pavelgj
1342730,alexeygolev
521109,cburgdorf
1350534,danielzen
77278,DjebbZ
638999,ifedotov
1538739,jksdua
987389,jamesdaily
960670,rolaveric
5284,marcenuc
504956,segeda
172800,nornagon
607250,alexeykuzmin
42443481,rangle-fatima
1329167,ericjim
4172079,filipesilva
19598772,clydin
1565117,Brocco
555867,cyrilletuzi
411874,cexbrayat
17563226,alan-agius4
7578400,noelmace
6923277,chrste90
9759954,markgoho
595925,delasteve
7893485,sis0k0
1442575,JiaLiPassion
8104246,FrozenPandaz
1243236,jschwarty
36964,theefer
11403260,wKoza
36491,beeman
3689856,caroso1222
1560278,webmaxru
1529180,lacolaco
8519685,Teamop
3607926,JLHwung
1131991,amitport
614349,KhodeN
253202,philschatz
1800468,FuriouZz
189606,BinaryMuse
1622515,princejwesley
610598,rafaelstz
251000,stevekinney
378023,simurai
14783,jtoy
18756736,somaticapi
18256853,rickiepark
17607554,ExterminateWho
4269898,terrytangyuan
1907223,domluna
8014461,ebigelow
12528769,terryum
5861573,raix852
110757,alouche
455551,andrewljohnson
1731260,arielscarpinelli
76661,ageron
9257969,cysmith
9047355,Conchylicultor
121520,dannguyen
1332812,dgolden1
364193,trigeorgis
11862328,guillaume-chevalier
53193122,maxmelnick-deloitte
15949642,rnditdev
13795788,SebastinSanty
1321193,shagunsodhani
1607349,sfwatergit
7456,tjhunter
18356444,deetruong89
15663219,yunjey
1558,ask
691049,mher
129501,ionelmc
83844,nvie
137467,steeve
122271,PMickael
48936,thedrow
319962,brainy
1353903,mpavlov
2592723,aneilbaboo
682759,rumineykova
15382,vbabiy
100959,fredj
124,brosner
1702083,malinoff
153580,gthb
4105675,Anarchist666
23610,dcramer
164168,streeter
91393,gcachet
265817,toofishes
828007,DXist
46565,acdha
54217,heyman
1357020,lorenabrams
244792,stovenator
136931,berg
181693,offbyone
281845,leobantech
326857,rogerhu
11707976,Shawn1993
4960468,LargonD
17016510,PayscaleNateW
9297015,notWhaleB
1250095,likejazz
6426868,billy-inn
1208615,mdymczyk
3771963,jwasham
16518410,Carmezim
11425102,ladrift
8783576,Kiricon
4423388,AnimeshShaw
3112309,radarhere
395778,ArturSkowronski
1933999,cixtor
579835,jhoffner
7283624,emadehsan
1468366,csbun
23017027,yelluw
38918771,mauriiice
16683059,rauwuckl
12832754,DerGut
20857899,NinaWie
5880225,RaulCatena
1500684,kentcdodds
4249591,chrissimpkins
2037007,Jameskmonger
1282980,ben-eb
6177621,bogas04
2322305,jamesplease
8503331,mbad0la
22768990,itaisteinherz
3869412,jfmengels
23029903,mpeyper
305339,patcon
12673605,z0al
464978,alejandronanez
5346497,DemianD
153481,fhemberger
1711854,guylepage3
6270048,Haroenv
3068563,diegohaz
14871650,jccguimaraes
3171900,jdjuan
1771152,kevinvangelder
5244986,marcobiedermann
304450,machour
3028124,nikolalsvk
3982200,frigginglorious
7977100,syt123450
906276,NTag
39876629,opera7133
30577168,bizzlerulez
24903154,LukasReithofer
8604205,gkalpak
265378,ocombe
129061,wardbell
42211,brandonroberts
520826,gregmagolan
2958442,sjtrimble
31899326,jbogarthyde
2081709,juliemr
18488086,madoar
52021,earshinov
6816140,achimha
3238693,ZachRHale
13564723,adekoder
16926070,domrich
198247,sumitarora
898763,stevenkampen
6842965,vanessayuenn
10526720,santiago-elustondo
1780164,clbond
439226,rajinder-yadav
2361292,mobinni
1062690,bertrandk
4672202,hilaryhacksel
6507159,andrewthauer
5281554,JinSY
42671,winkerVSbecks
542458,juristr
1400300,JayKan
18708111,riavalon
5454697,keneasson
1692132,wulfsolter
6597205,ngMachina
11047559,danielschifano
3485831,mattmischuk
1272018,xorgy
922368,andreicristianpetcu
9721664,eranshmil
17404346,matthinea
913141,nickgal
150087,Raz0r
5145523,Riron
17248664,RAM92
11649939,zzw922cn
23430977,nq555222
6899784,saurabhvyas
3344078,goldsmith
15832158,yitu-public
594298,KELiON
75278,Stanzilla
1738373,BrainMaestro
2076742,SkaceKamen
1177900,maximbaz
6289998,staff0rd
43157,lawgsy
7505425,LaercioSantana
329698,footnoise
9212161,Schrims
1328448,TheConnMan
9121359,lubien
4408379,lex111
8205055,dar5hak
1022918,International
6119312,codingmatty
16098792,ionphractal
928965,nazar-pc
1538066,tiagoamaro
943437,ScottDillman
14938154,enigmaeth
1274746,lavir
769039,blainesch
1895860,brentschroeter
8806650,tenorz007
6069807,fega
636753,JordanAdams
1738309,Kageetai
6376251,Krbz
926754,hellocreep
7584391,Toinane
3647841,amitmerchant1990
8822095,SigmaOne
310731,tml1024
290614,timar
1546050,kendy
8167879,pmladek
122876,fridrich
12903042,laszlonemeth
477936,cloph
2144964,erAck
2630242,dtardon
5687149,mhosken
19438782,thebearon
77185,jcorrius
2017058,kaplanlior
2386025,stbergmann
17406534,sleepingpillow
4462042,tarnhold
445799,bjoernmichaelsen
976901,serval2412
139229,piotrdrag
4553333,RickieES
26125302,krunose
1055830,scarabeusiv
554953,fitojb
201388,nifgraup
14852083,reneengelhard
16790181,stevenebutler
28889547,idnux
1826702,atriwidada
1039418,marcosps
9937631,mrkara
1203812,exentrich
132120,davidmz
118523,skylot
3824056,NeoSpb
2017168,13-beta2
9336045,riboribo
924885,jpstotz
163115,dnet
1734518,netmaxt3r
578021,vbauer
1571308,Fruiter
133864,tulskiy
996939,mauris
66834,mmckegg
296798,reggi
30254,aurium
1203949,jevakallio
834945,maxleiko
590904,nhunzaker
630124,Zearin
3519979,bambusekd
425687,adam-p
2000840,wm8120
6315497,michaelstepner
4333033,engstrom
32717,kant
73768,dato
495892,mortonfox
251849,ibmibmibm
7646789,beckjack
130093,lepht
2781777,cazala
735190,ApelSYN
80,ry
275871,bnoordhuis
899444,addaleax
2512748,cjihrig
218257,piscisaureus
439929,jasnell
8822573,BridgeAR
4299420,joyeecheung
432351,danbev
2352663,targos
495647,rvagg
146447,tjfontaine
54666,mscdex
10393198,vsemozhetbyt
17607,sam-github
782880,shigeki
20809,apapirovski
498775,MylesBorins
96947,refack
3109072,tniessen
355825,koichik
1093990,Fishrock123
677994,evanlucas
696611,thefourtheye
2174968,gergelyke
90293,donho
3694843,dail8859
14791461,SinghRajenM
22964455,jonandr
12630740,chcg
5516919,milipili
580536,NN---
2916485,Rikk
13075183,xomx
8998791,rddim
13162428,Ices-Eyes
4331362,AngryGamer
20214740,A-R-C-A
6064913,pnedev
11388215,schnurlos
11385622,squarefractal
544424,vlakoff
7978799,a-polivanchuk
6312791,popcorner
9730229,hypherion2
12958627,Hiro5
1683388,Tmp341
13181055,batagy
33607396,Stenox
12024941,cmeriaux
22886576,yasmise
3228886,alexandear
22452654,Patriccollu
6494038,MAPJe71
791115,linquize
22689376,np-jenkins
1288217,mevdschee
1103622,karllhughes
408052,mvdriel
4747818,BarryDam
543283,jr3cermak
67227,wackazong
655716,jrock2004
117493,saraf
3920047,claudesign
35902204,epostavs
250785,fedemotta
16328050,carusogabriel
13305123,noobiek
32403720,matt194
3341826,tobiasmuehl
4733489,creoflux
14152037,jpsider
2021774,lwzm
19923168,watain666
20708358,xhorntail
2302254,terkelg
14944216,DrunkenPoney
914637,lumio
3250552,pvdlg
122028,ianwalter
3505087,simonepri
7876498,Yiiu
22645979,xxczaki
469989,bennyn
827205,DanielRuf
8784712,egoist
3819038,floriangosse
4115327,jzakrzewski
22307063,joebeachjoebeach
25589715,jneidel
20357450,k15a
8845940,ForsakenHarmony
40002855,madhavarshney
10265841,creatyvtype
15668667,SurionA
143744,milesj
184567,oskarrough
11733036,ranyitz
50741,millette
4325375,SCKelemen
38247370,wilmouths
16069751,jeysal
3252614,vdrg
33759847,hurihuri123
743291,friederbluemle
19979279,dpebot
211174,ashwinraghav
3020501,gkaldev
13207669,zayna-shahzad
969662,RedBrogdon
18719615,maxost
596919,silvolu
19397744,schmidt-sebastian
9490724,SUPERCILEX
20298806,anky21
336005,keyboardsurfer
6343707,dh--
9773206,EdwardMuturi
2444061,seventhmoon
3036412,lineargs
3717137,jdsingh
16196868,kbhatia1996
7635084,mikelseverson
784621,patricknasc
1111032,revan
350232,rogerthomas84
631739,SandroMachado
35882,srush
5341072,davisonio
910753,RichardLitt
6025224,arthurvr
1682367,AllThingsSmitty
19847480,johnjago
177360,egeerardyn
1785552,leoruhland
1614009,petk
1098270,sfischer13
6316590,stevemao
3991845,willianjusten
5105812,YerkoPalma
7255542,n1trux
13087421,tobiasbueschel
5616595,arslanbilal
357237,arbox
626772,FylmTM
12481,coderberry
121766,feross
424628,igorbarinov
1935696,karlhorky
206854,kasbah
2096101,Kikobeats
8463904,kozross
3988101,lucasviola
938453,matiassingers
5445793,Jiakui
4239092,erolrecep
182906,hmert
5788652,demidovakatya
88295,hasantayyar
14281909,jaytaylopub
216183,lhayhurst
990494,0asa
22364802,Charismatron
34548897,cmasch
1578160,jwood803
6509492,justmarkham
1137480,murat
4493087,lethalbrains
7047079,sara-02
9078134,Teoretic6
904698,tomer-ben-david
3155152,elmerehbi
5858796,ahmetkurnaz
681989,creafz
1575034,mrdrozdov
4747808,boyanangelov
3207647,brunocvcunha
9044997,danilito19
7629007,danklotz
1682202,davidgasquez
2340106,kofoide
10162068,FavioVazquez
325322,fredkelly
1311749,gm-spacagna
246302,josephmisiti
29776799,josephmmisiti
1219780,hslatman
4917183,ajkl
2340086,cogmission
10507098,basickarl
3989198,NathanEpstein
7609173,Jasonnor
2282364,bigsnarfdude
17307,brylie
500,JJ
2907085,jeff1evesque
10055668,navdeep-G
10862289,Metnew
5764666,Asterisk14
200733,dmoisset
2441454,danyaljj
637285,dmcc
1389553,mandar2812
7584492,omrimendels
352189,sebg
50891,westurner
16655670,markyjackson-taulia
4342858,AmazaspShumik
11576063,andrewhuynguyen
5365982,gbaydin
3314022,licstar
5326890,hankcs
19831868,DingkunLiu
2580604,maxim5
14886380,Kulbear
26119052,fengdu78
4028979,kyunghyuncho
3654684,orhanf
3519667,jli05
5186410,jakezhaojb
154337,bastings
15331,Franck-Dernoncourt
2712147,mbartoli
330946,ozancaglayan
2403143,qizhex
398875,neubig
154475,redpony
464308,yoavg
2313865,armatthews
22328436,mattr1
484190,dhgarrette
10391785,pmichel31415
1050316,alvations
2267069,ikekonglp
3761885,hayounav
4459616,eschling
1399913,davidweichiang
2390196,mfaruqui
6448035,trevorcohn
1858803,wammar
263363,danielhers
6032899,talbaumel
7002723,jniehues-kit
3311523,mitchellstern
539843,as1986
15669976,dbc148
807183,noisychannel
2463712,swabhs
10989937,jbuckman
6319492,roeeaharoni
1390019,andre-martins
31170,aria42
2646947,kentonl
636653,mjdenkowski
1399852,kaisheng
745499,Oneplus
8787969,DancingSoul
2231289,zhipwang
3116482,vi3k6i5
1755245,slotlocker2
1841260,rompom
24502053,delirious-lettuce
3418996,kingfengji
2157423,youkpan
11962885,lmcinnes
8228248,sastels
7454015,glemaitre
810642,brunoalano
11962970,jc-healy
5808961,sauln
69774,michaelaye
5176216,markdimi
2641327,AllanLRH
11001022,christopherjenness
71831,craigmcnamara
511783,dvro
107893,kmike
908867,Horndev
1553846,taalexander
1058934,zyrikby
172692,zachwill
6055037,ahirner
5673828,atkawa7
15376817,m-dz
332746,moi90
1242043,angeloskath
6378233,tkoeppe
2743863,wmkouw
144949,the-moliver
48324527,tobyoup
6577458,StillKeepTry
36886556,xutaatmicrosoftdotcom
22527892,microsoftopensource
4699451,faneshion
3292410,yangliuy
1762835,pl8787
11496630,HouJP
5229621,niuox
10495098,zhezhaoa
5991543,niderhoff
6792642,sebastianruder
3250749,NirantK
1001610,stared
6361575,svjan5
31173491,ramadistra
6660928,yuvalpinter
121934,leondz
642864,shamilcm
587755,mayhewsw
19689171,h-amirkhani
10931787,cwenner
6596847,FredRodrigues
11526217,manuelsh
92654,TomLisankie
2083404,ollmer
16053571,rktamplayo
519177,Separius
33695776,vncorenlp
43005718,avisil
8844108,gangeshwark
1306354,liufly
340180,PiotrCzapla
13870276,shashiongithub
1164106,takase
8472955,tbsflk
4026690,Mrlyk423
19285148,vanzytay
3035466,ybisk
13233815,pedrada88
20412497,iwangjian
